"outcome","treatment","reference","estimate_vs_AC","se","lower_95","upper_95","k_pairwise_contrasts","k_studies","OR_vs_AC","OR_lower_95","OR_upper_95"
"major_bleeding_logOR","CAT","AC",0.122602322092332,1.4286251781575,-2.67750302709637,2.92270767128103,13,13,1.1304347826087,0.0687345684117044,18.5915592002752
"major_bleeding_logOR","CDT","AC",0.62001102251847,1.2813221668237,-1.89138042445599,3.13140246949293,13,13,1.85894853202794,0.150863409489714,22.9060821071028
"major_bleeding_logOR","LBAT","AC",0.627823562255264,1.32471214695859,-1.96861224578357,3.2242593702941,13,13,1.87352852051444,0.139650522404728,25.1349515686608
"major_bleeding_logOR","ST","AC",1.25192740465452,0.284566438556939,0.694177185082919,1.80967762422612,13,13,3.49707674800894,2.00206107031961,6.10847788949437
"major_bleeding_logOR","USCDT","AC",0.303735848958554,0.460306342860855,-0.598464583048723,1.20593628096583,13,13,1.35491110763538,0.549654938027511,3.33988468507461
